1024px-Ubuntu-17.10-ca-1024x576.png	https://www.adminschoice.com/wp-content/uploads/2017/01/1024px-Ubuntu-17.10-ca-1024x576.png
1024px-Ubuntu-17.10-ca.png	https://www.adminschoice.com/wp-content/uploads/2017/01/1024px-Ubuntu-17.10-ca.png
515FC5BEz6L.jpg	https://www.adminschoice.com/wp-content/uploads/2017/01/515FC5BEz6L.jpg
51BmtYsbMHL.jpg	https://www.adminschoice.com/wp-content/uploads/2017/01/51BmtYsbMHL.jpg
6157ajucML.jpg	https://www.adminschoice.com/wp-content/uploads/2017/01/6157ajucML.jpg
Advanced-Programming-in-the-UNIX-Environment.jpg	https://www.adminschoice.com/wp-content/uploads/2017/01/Advanced-Programming-in-the-UNIX-Environment.jpg
Arch-kdemod-1024x819.png	https://www.adminschoice.com/wp-content/uploads/2017/01/Arch-kdemod-1024x819.png
Arch-kdemod.png	https://www.adminschoice.com/wp-content/uploads/2017/01/Arch-kdemod.png
Bash-Pocket-Reference-1.jpg	https://www.adminschoice.com/wp-content/uploads/2017/01/Bash-Pocket-Reference-1.jpg
Bash-Pocket-Reference.jpg	https://www.adminschoice.com/wp-content/uploads/2017/01/Bash-Pocket-Reference.jpg
C_Sharp_logo.png	https://www.adminschoice.com/wp-content/uploads/2018/02/C_Sharp_logo.png
CentOS_6.0.png	https://www.adminschoice.com/wp-content/uploads/2017/01/CentOS_6.0.png
Classic-Shell-Scripting.jpg	https://www.adminschoice.com/wp-content/uploads/2017/01/Classic-Shell-Scripting.jpg
CplusplusLogo.png	https://www.adminschoice.com/wp-content/uploads/2018/02/CplusplusLogo.png
DNS-and-BIND.jpg	https://www.adminschoice.com/wp-content/uploads/2017/01/DNS-and-BIND.jpg
Debian_6.0.2.1-1024x576.png	https://www.adminschoice.com/wp-content/uploads/2017/01/Debian_6.0.2.1-1024x576.png
Debian_6.0.2.1.png	https://www.adminschoice.com/wp-content/uploads/2017/01/Debian_6.0.2.1.png
Essential-System-Administration.jpg	https://www.adminschoice.com/wp-content/uploads/2017/01/Essential-System-Administration.jpg
GNOME_applications_overview_42.1-1024x640.png	https://www.adminschoice.com/wp-content/uploads/2017/01/GNOME_applications_overview_42.1-1024x640.png
GNOME_applications_overview_42.1.png	https://www.adminschoice.com/wp-content/uploads/2017/01/GNOME_applications_overview_42.1.png
Global-Enterprise-Mobility-Trends-01.png	https://www.adminschoice.com/wp-content/uploads/2017/12/Global-Enterprise-Mobility-Trends-01.png
How-Linux-Works-What-Every-Superuser-Should-Know.jpg	https://www.adminschoice.com/wp-content/uploads/2017/01/How-Linux-Works-What-Every-Superuser-Should-Know.jpg
JavaScript-logo.png	https://www.adminschoice.com/wp-content/uploads/2018/02/JavaScript-logo.png
Learning-the-UNIX-Operating-System.jpg	https://www.adminschoice.com/wp-content/uploads/2017/01/Learning-the-UNIX-Operating-System.jpg
Learning-the-vi-and-Vim-Editors.jpg	https://www.adminschoice.com/wp-content/uploads/2017/01/Learning-the-vi-and-Vim-Editors.jpg
Linux-Bible.jpg	https://www.adminschoice.com/wp-content/uploads/2017/01/Linux-Bible.jpg
Linux-Command-Line-and-Shell-Scripting-Bible.jpg	https://www.adminschoice.com/wp-content/uploads/2017/01/Linux-Command-Line-and-Shell-Scripting-Bible.jpg
Linux-in-a-Nutshell-A-Desktop-Quick-Reference.jpg	https://www.adminschoice.com/wp-content/uploads/2017/01/Linux-in-a-Nutshell-A-Desktop-Quick-Reference.jpg
Linux-luna-elementary-os-6.png	https://www.adminschoice.com/wp-content/uploads/2017/01/Linux-luna-elementary-os-6.png
Practice-of-System-and-network-Administration.jpg	https://www.adminschoice.com/wp-content/uploads/2017/01/Practice-of-System-and-network-Administration.jpg
RHEL-7x-installation-10.png	https://www.adminschoice.com/wp-content/uploads/2017/10/RHEL-7x-installation-10.png
RHEL-7x-installation-11.png	https://www.adminschoice.com/wp-content/uploads/2017/10/RHEL-7x-installation-11.png
RHEL-7x-installation-12.png	https://www.adminschoice.com/wp-content/uploads/2017/10/RHEL-7x-installation-12.png
RHEL-7x-installation-13.png	https://www.adminschoice.com/wp-content/uploads/2017/10/RHEL-7x-installation-13.png
RHEL-7x-installation-14.png	https://www.adminschoice.com/wp-content/uploads/2017/10/RHEL-7x-installation-14.png
RHEL-7x-installation-15.png	https://www.adminschoice.com/wp-content/uploads/2017/10/RHEL-7x-installation-15.png
RHEL-7x-installation-16.png	https://www.adminschoice.com/wp-content/uploads/2017/10/RHEL-7x-installation-16.png
RHEL-7x-installation-17.png	https://www.adminschoice.com/wp-content/uploads/2017/10/RHEL-7x-installation-17.png
RHEL-7x-installation-18.png	https://www.adminschoice.com/wp-content/uploads/2017/10/RHEL-7x-installation-18.png
RHEL-7x-installation-19.png	https://www.adminschoice.com/wp-content/uploads/2017/10/RHEL-7x-installation-19.png
RHEL-7x-installation-2.png	https://www.adminschoice.com/wp-content/uploads/2017/10/RHEL-7x-installation-2.png
RHEL-7x-installation-20.png	https://www.adminschoice.com/wp-content/uploads/2017/10/RHEL-7x-installation-20.png
RHEL-7x-installation-21.png	https://www.adminschoice.com/wp-content/uploads/2017/10/RHEL-7x-installation-21.png
RHEL-7x-installation-22.png	https://www.adminschoice.com/wp-content/uploads/2017/10/RHEL-7x-installation-22.png
RHEL-7x-installation-23.png	https://www.adminschoice.com/wp-content/uploads/2017/10/RHEL-7x-installation-23.png
RHEL-7x-installation-24.png	https://www.adminschoice.com/wp-content/uploads/2017/10/RHEL-7x-installation-24.png
RHEL-7x-installation-25.png	https://www.adminschoice.com/wp-content/uploads/2017/10/RHEL-7x-installation-25.png
RHEL-7x-installation-26.png	https://www.adminschoice.com/wp-content/uploads/2017/10/RHEL-7x-installation-26.png
RHEL-7x-installation-27.png	https://www.adminschoice.com/wp-content/uploads/2017/10/RHEL-7x-installation-27.png
RHEL-7x-installation-28.png	https://www.adminschoice.com/wp-content/uploads/2017/10/RHEL-7x-installation-28.png
RHEL-7x-installation-3.png	https://www.adminschoice.com/wp-content/uploads/2017/10/RHEL-7x-installation-3.png
RHEL-7x-installation-5.png	https://www.adminschoice.com/wp-content/uploads/2017/10/RHEL-7x-installation-5.png
RHEL-7x-installation-6.png	https://www.adminschoice.com/wp-content/uploads/2017/10/RHEL-7x-installation-6.png
RHEL-7x-installation-7.png	https://www.adminschoice.com/wp-content/uploads/2017/10/RHEL-7x-installation-7.png
RHEL-7x-installation-8.png	https://www.adminschoice.com/wp-content/uploads/2017/10/RHEL-7x-installation-8.png
RHEL-7x-installation-9.png	https://www.adminschoice.com/wp-content/uploads/2017/10/RHEL-7x-installation-9.png
Screenshot-fedora26-apps.png	https://www.adminschoice.com/wp-content/uploads/2017/01/Screenshot-fedora26-apps.png
Sed-Awk.jpg	https://www.adminschoice.com/wp-content/uploads/2017/01/Sed-Awk.jpg
TCP-IP-Network-Administration.jpg	https://www.adminschoice.com/wp-content/uploads/2017/01/TCP-IP-Network-Administration.jpg
The-Design-of-the-UNIX-Operating-System.jpg	https://www.adminschoice.com/wp-content/uploads/2017/01/The-Design-of-the-UNIX-Operating-System.jpg
The-Linux-Command-Line-A-Complete-Introduction.jpg	https://www.adminschoice.com/wp-content/uploads/2017/01/The-Linux-Command-Line-A-Complete-Introduction.jpg
The-Linux-Programming-Interface.jpg	https://www.adminschoice.com/wp-content/uploads/2017/01/The-Linux-Programming-Interface.jpg
The-Top-Security-Breaches-in-History-01.png	https://www.adminschoice.com/wp-content/uploads/2018/11/The-Top-Security-Breaches-in-History-01.png
The_C_Programming_Language_250.png	https://www.adminschoice.com/wp-content/uploads/2018/02/The_C_Programming_Language_250.png
Unix-and-Linux-System-Administration-Handbook.jpg	https://www.adminschoice.com/wp-content/uploads/2017/01/Unix-and-Linux-System-Administration-Handbook.jpg
Zorin_OS_10.png	https://www.adminschoice.com/wp-content/uploads/2017/01/Zorin_OS_10.png
alycia-gordon-150x150.jpg	https://www.adminschoice.com/wp-content/uploads/2018/01/alycia-gordon-150x150.jpg
alycia-gordon.jpg	https://www.adminschoice.com/wp-content/uploads/2018/01/alycia-gordon.jpg
amazon-go-store-300x201.jpg	https://www.adminschoice.com/wp-content/uploads/2018/01/amazon-go-store-300x201.jpg
amazon-go-store.jpg	https://www.adminschoice.com/wp-content/uploads/2018/01/amazon-go-store.jpg
bash-Cookbook.jpg	https://www.adminschoice.com/wp-content/uploads/2017/01/bash-Cookbook.jpg
bitcoin-virus.jpg	https://www.adminschoice.com/wp-content/uploads/2019/05/bitcoin-virus.jpg
bot-net-system-setup.png	https://www.adminschoice.com/wp-content/uploads/2018/01/bot-net-system-setup.png
code-1839406_640.jpg	https://www.adminschoice.com/wp-content/uploads/2018/10/code-1839406_640.jpg
container-structure.png	https://www.adminschoice.com/wp-content/uploads/2018/06/container-structure.png
crontab-layout.png	https://www.adminschoice.com/wp-content/uploads/2009/12/crontab-layout.png
cyber-security-1024x683.jpg	https://www.adminschoice.com/wp-content/uploads/2018/04/cyber-security-1024x683.jpg
cyber-security.jpg	https://www.adminschoice.com/wp-content/uploads/2018/04/cyber-security.jpg
default-cpu-1-1-1.png	https://www.adminschoice.com/wp-content/uploads/2019/03/default-cpu-1-1-1.png
default-cpu-1-1.png	https://www.adminschoice.com/wp-content/uploads/2019/03/default-cpu-1-1.png
default-cpu-1.png	https://www.adminschoice.com/wp-content/uploads/2019/03/default-cpu-1.png
default-cpu-node-1024x610.png	https://www.adminschoice.com/wp-content/uploads/2019/03/default-cpu-node-1024x610.png
default-cpu-node.png	https://www.adminschoice.com/wp-content/uploads/2019/03/default-cpu-node.png
default-red-z.png	https://www.adminschoice.com/wp-content/uploads/2019/03/default-red-z.png
delphi-logo.png	https://www.adminschoice.com/wp-content/uploads/2018/02/delphi-logo.png
dns-sinkhole-setup.png	https://www.adminschoice.com/wp-content/uploads/2018/01/dns-sinkhole-setup.png
emily.png	https://www.adminschoice.com/wp-content/uploads/2019/01/emily.png
gettingstarted-withpython-amazon.jpg	https://www.adminschoice.com/wp-content/uploads/2019/01/gettingstarted-withpython-amazon.jpg
hemant-profile-150x150.png	https://www.adminschoice.com/wp-content/uploads/2018/02/hemant-profile-150x150.png
hemant-profile.png	https://www.adminschoice.com/wp-content/uploads/2018/02/hemant-profile.png
https-3344700_1280-1.jpg	https://www.adminschoice.com/wp-content/uploads/2023/10/https-3344700_1280-1.jpg
icon-128.png	https://www.adminschoice.com/wp-content/uploads/2026/06/icon-128.png
image001-1.jpg	https://www.adminschoice.com/wp-content/uploads/2017/06/image001-1.jpg
image002.jpg	https://www.adminschoice.com/wp-content/uploads/2017/06/image002.jpg
image1.jpg	https://www.adminschoice.com/wp-content/uploads/2018/10/image1.jpg
image2.jpg	https://www.adminschoice.com/wp-content/uploads/2018/10/image2.jpg
image3.jpg	https://www.adminschoice.com/wp-content/uploads/2018/10/image3.jpg
image4.jpg	https://www.adminschoice.com/wp-content/uploads/2018/10/image4.jpg
javalogo.png	https://www.adminschoice.com/wp-content/uploads/2018/02/javalogo.png
linux_mint_cinnamon-1024x640.png	https://www.adminschoice.com/wp-content/uploads/2017/01/linux_mint_cinnamon-1024x640.png
linux_mint_cinnamon.png	https://www.adminschoice.com/wp-content/uploads/2017/01/linux_mint_cinnamon.png
manjaro.png	https://www.adminschoice.com/wp-content/uploads/2017/01/manjaro.png
network-cable.jpg	https://www.adminschoice.com/wp-content/uploads/2019/01/network-cable.jpg
on-phone-1024x638.jpg	https://www.adminschoice.com/wp-content/uploads/2018/04/on-phone-1024x638.jpg
on-phone.jpg	https://www.adminschoice.com/wp-content/uploads/2018/04/on-phone.jpg
php-logo.png	https://www.adminschoice.com/wp-content/uploads/2018/02/php-logo.png
python-install-linux.jpg	https://www.adminschoice.com/wp-content/uploads/2022/12/python-install-linux.jpg
python-install-windows.jpg	https://www.adminschoice.com/wp-content/uploads/2022/12/python-install-windows.jpg
python-logo.png	https://www.adminschoice.com/wp-content/uploads/2018/02/python-logo.png
python-operators.jpg	https://www.adminschoice.com/wp-content/uploads/2022/12/python-operators.jpg
python-uses.jpg	https://www.adminschoice.com/wp-content/uploads/2022/12/python-uses.jpg
rhel-7x-install-screen-2.png	https://www.adminschoice.com/wp-content/uploads/2017/10/rhel-7x-install-screen-2.png
rhel-7x-welcome.png	https://www.adminschoice.com/wp-content/uploads/2017/10/rhel-7x-welcome.png
ruby-logo.png	https://www.adminschoice.com/wp-content/uploads/2018/02/ruby-logo.png
top-prog-lang.jpg	https://www.adminschoice.com/wp-content/uploads/2022/12/top-prog-lang.jpg
udemy-black-friday-deals.jpg	https://www.adminschoice.com/wp-content/uploads/2018/11/udemy-black-friday-deals.jpg
vbnet-300x219.png	https://www.adminschoice.com/wp-content/uploads/2018/03/vbnet-300x219.png
vbnet.png	https://www.adminschoice.com/wp-content/uploads/2018/03/vbnet.png
vm-structure.png	https://www.adminschoice.com/wp-content/uploads/2018/06/vm-structure.png
word-image-1.jpeg	https://www.adminschoice.com/wp-content/uploads/2019/08/word-image-1.jpeg
word-image-6.png	https://www.adminschoice.com/wp-content/uploads/2019/07/word-image-6.png
word-image-7.png	https://www.adminschoice.com/wp-content/uploads/2019/07/word-image-7.png
word-image-8.png	https://www.adminschoice.com/wp-content/uploads/2019/07/word-image-8.png
word-image-9.png	https://www.adminschoice.com/wp-content/uploads/2019/07/word-image-9.png
word-image.jpeg	https://www.adminschoice.com/wp-content/uploads/2019/09/word-image.jpeg
word-image.png	https://www.adminschoice.com/wp-content/uploads/2019/08/word-image.png
